-- phpMyAdmin SQL Dump
-- version 4.1.14
-- http://www.phpmyadmin.net
--
-- Хост: 127.0.0.1
-- Время создания: Апр 11 2018 г., 12:23
-- Версия сервера: 5.6.17
-- Версия PHP: 5.5.12

SET SQL_MODE = "NO_AUTO_VALUE_ON_ZERO";
SET time_zone = "+00:00";


/*!40101 SET @OLD_CHARACTER_SET_CLIENT=@@CHARACTER_SET_CLIENT */;
/*!40101 SET @OLD_CHARACTER_SET_RESULTS=@@CHARACTER_SET_RESULTS */;
/*!40101 SET @OLD_COLLATION_CONNECTION=@@COLLATION_CONNECTION */;
/*!40101 SET NAMES utf8 */;

--
-- База данных: `blog`
--

-- --------------------------------------------------------

--
-- Структура таблицы `comments`
--

CREATE TABLE IF NOT EXISTS `comments` (
  `id_comment` int(5) unsigned NOT NULL AUTO_INCREMENT,
  `id_user` int(3) unsigned NOT NULL,
  `id_post` int(5) unsigned NOT NULL,
  `comment` text NOT NULL,
  `date` varchar(20) NOT NULL,
  PRIMARY KEY (`id_comment`),
  KEY `id_user` (`id_user`,`id_post`)
) ENGINE=InnoDB  DEFAULT CHARSET=utf8 AUTO_INCREMENT=8 ;

--
-- Дамп данных таблицы `comments`
--

INSERT INTO `comments` (`id_comment`, `id_user`, `id_post`, `comment`, `date`) VALUES
(1, 1, 1, 'Phasellus quis arcu in elit fermentum venenatis. Curabitur et commodo purus. Nunc tempor quam purus, ut egestas metus imperdiet sed. Proin faucibus nec sapien et vehicula. Duis hendrerit purus id sem iaculis, id laoreet justo fringilla. Quisque sollicitudin et elit quis sagittis. Morbi faucibus ipsum in eros sagittis, viverra hendrerit urna fringilla. Quisque blandit rutrum tellus, quis rhoncus neque dapibus ac. Vestibulum elementum nisi sed lacinia feugiat. In vulputate mattis lacus id dignissim. ', '24th July 2017 23:40'),
(3, 1, 1, 'In hac habitasse platea dictumst. Aenean justo eros, faucibus in orci id, pellentesque facilisis arcu. Sed quam sem, ornare at facilisis in, semper ac dolor. Sed eu pellentesque massa, et convallis libero. Pellentesque eget sodales eros, non rhoncus lacus. Maecenas sed odio eget enim molestie scelerisque eget quis enim. Vivamus viverra sodales consequat. Phasellus quis arcu in elit fermentum venenatis. Curabitur et commodo purus. Nunc tempor quam purus, ut egestas metus imperdiet sed. Proin faucibus nec sapien et vehicula. Duis hendrerit purus id sem iaculis, id laoreet justo fringilla.', '25th July 2017 00:06'),
(4, 2, 5, 'Fusce sagittis erat id sapien aliquam sodales. Suspendisse dignissim suscipit ipsum. Duis non elit nec lacus congue vehicula sit amet id quam. Phasellus vehicula tortor dolor, quis sagittis diam fringilla a. Sed congue, est a porttitor porta, velit elit dapibus ante, ac ultricies nunc magna id dolor. Sed nec tortor tristique, placerat lorem id, mollis neque.', '25th July 2017 00:34'),
(5, 1, 5, 'Nulla facilisi. Aenean nec ex sem. Nulla finibus, velit et lobortis lobortis, arcu risus fringilla mi, eget lacinia mauris est vel sapien. Donec sit amet pretium dui. Nullam porta dictum metus, et hendrerit velit mollis ut. Aenean mattis blandit dignissim. Aliquam efficitur feugiat enim, eu fermentum enim. Interdum et malesuada fames ac ante ipsum primis in faucibus. Curabitur urna lectus, semper vel commodo vel, vestibulum nec quam. Cras mattis ex velit, sit amet tristique felis molestie ut. Morbi orci purus, sagittis at dignissim id, dictum ut tellus.', '25th July 2017 00:35'),
(6, 2, 5, 'In hac habitasse platea dictumst. Aenean justo eros, faucibus in orci id, pellentesque facilisis arcu. Sed quam sem, ornare at facilisis in, semper ac dolor. Sed eu pellentesque massa, et convallis libero. Pellentesque eget sodales eros, non rhoncus lacus. Maecenas sed odio eget enim molestie scelerisque eget quis enim. Vivamus viverra sodales consequat.', '25th July 2017 00:35'),
(7, 2, 4, 'In hac habitasse platea dictumst. Aenean justo eros, faucibus in orci id, pellentesque facilisis arcu. Sed quam sem, ornare at facilisis in, semper ac dolor. Sed eu pellentesque massa, et convallis libero. Pellentesque eget sodales eros, non rhoncus lacus. Maecenas sed odio eget enim molestie scelerisque eget quis enim. Vivamus viverra sodales consequat.', '25th July 2017 00:37');

-- --------------------------------------------------------

--
-- Структура таблицы `posts`
--

CREATE TABLE IF NOT EXISTS `posts` (
  `id_post` int(5) unsigned NOT NULL AUTO_INCREMENT,
  `title` varchar(250) NOT NULL,
  `subtitle` varchar(250) DEFAULT NULL,
  `date` varchar(20) NOT NULL,
  `id_user` int(3) unsigned NOT NULL,
  `description` text NOT NULL,
  `image` varchar(50) NOT NULL,
  PRIMARY KEY (`id_post`),
  KEY `id_user` (`id_user`)
) ENGINE=InnoDB  DEFAULT CHARSET=utf8 AUTO_INCREMENT=6 ;

--
-- Дамп данных таблицы `posts`
--

INSERT INTO `posts` (`id_post`, `title`, `subtitle`, `date`, `id_user`, `description`, `image`) VALUES
(1, 'Roundup: 20 web designs with large backgrounds', 'Sub heading to go here', '19th April 2017', 1, 'Lorem ipsum dolor sit amet, consectetur adipiscing elit. Sed pretium erat velit, at viverra ex varius eget. Integer iaculis purus non fermentum faucibus. Nullam et suscipit magna. Morbi sit amet imperdiet mi, sit amet tristique dui. Phasellus dolor orci, tincidunt sit amet dolor sed, consectetur dignissim nisl. Donec elementum neque quis magna sagittis, vel feugiat elit finibus. Donec at nibh malesuada, viverra quam id, egestas augue. Mauris est est, tristique quis magna vel, pretium auctor enim. Morbi dignissim pharetra dui a porta. Donec elementum est massa, eleifend elementum metus vulputate sit amet. Nullam accumsan scelerisque ipsum sed porttitor. Nulla facilisi. Cras hendrerit nisi nulla, vitae vestibulum magna congue non. Vestibulum molestie gravida enim, sit amet tempor diam mollis a. <br><br>\r\n\r\nFusce sagittis erat id sapien aliquam sodales. Suspendisse dignissim suscipit ipsum. Duis non elit nec lacus congue vehicula sit amet id quam. Phasellus vehicula tortor dolor, quis sagittis diam fringilla a. Sed congue, est a porttitor porta, velit elit dapibus ante, ac ultricies nunc magna id dolor. Sed nec tortor tristique, placerat lorem id, mollis neque. Duis hendrerit purus id sem iaculis, id laoreet justo fringilla. Quisque sollicitudin et elit quis sagittis. Morbi faucibus ipsum in eros sagittis, viverra hendrerit urna fringilla. Quisque blandit rutrum tellus, quis rhoncus neque dapibus ac. Vestibulum elementum nisi sed lacinia feugiat. In vulputate mattis lacus id dignissim. In non purus pellentesque, posuere ipsum et, fermentum arcu. Lorem ipsum dolor sit amet, consectetur adipiscing elit. Praesent laoreet in orci id placerat. Donec at nibh malesuada, viverra quam id, egestas augue. Mauris est est, tristique quis magna vel, pretium auctor enim. Morbi dignissim pharetra dui a porta. <br><br>\r\n\r\nNulla facilisi. Aenean nec ex sem. Nulla finibus, velit et lobortis lobortis, arcu risus fringilla mi, eget lacinia mauris est vel sapien. Donec sit amet pretium dui. Nullam porta dictum metus, et hendrerit velit mollis ut. Aenean mattis blandit dignissim. Aliquam efficitur feugiat enim, eu fermentum enim. Interdum et malesuada fames ac ante ipsum primis in faucibus. Curabitur urna lectus, semper vel commodo vel, vestibulum nec quam. Cras mattis ex velit, sit amet tristique felis molestie ut. Morbi orci purus, sagittis at dignissim id, dictum ut tellus. Quisque a justo euismod, sollicitudin sapien sit amet, finibus neque. Nullam sollicitudin urna eu neque facilisis, volutpat fermentum nibh maximus. Donec at nibh malesuada, viverra quam id, egestas augue. Mauris est est, tristique quis magna vel, pretium auctor enim. Morbi dignissim pharetra dui a porta. <br><br>\r\n\r\nIn hac habitasse platea dictumst. Aenean justo eros, faucibus in orci id, pellentesque facilisis arcu. Sed quam sem, ornare at facilisis in, semper ac dolor. Sed eu pellentesque massa, et convallis libero. Pellentesque eget sodales eros, non rhoncus lacus. Maecenas sed odio eget enim molestie scelerisque eget quis enim. Vivamus viverra sodales consequat. Phasellus quis arcu in elit fermentum venenatis. Curabitur et commodo purus. Nunc tempor quam purus, ut egestas metus imperdiet sed. Proin faucibus nec sapien et vehicula. Duis hendrerit purus id sem iaculis, id laoreet justo fringilla. Quisque sollicitudin et elit quis sagittis. Morbi faucibus ipsum in eros sagittis, viverra hendrerit urna fringilla. Quisque blandit rutrum tellus, quis rhoncus neque dapibus ac. Vestibulum elementum nisi sed lacinia feugiat. In vulputate mattis lacus id dignissim. ', 'news-2.png'),
(2, 'Roundup: 20 web designs with large backgrounds', 'Sub heading to go here', '29th June 2017', 2, 'Lorem ipsum dolor sit amet, consectetur adipiscing elit. Sed pretium erat velit, at viverra ex varius eget. Integer iaculis purus non fermentum faucibus. Nullam et suscipit magna. Morbi sit amet imperdiet mi, sit amet tristique dui. Phasellus dolor orci, tincidunt sit amet dolor sed, consectetur dignissim nisl. Donec elementum neque quis magna sagittis, vel feugiat elit finibus. Donec at nibh malesuada, viverra quam id, egestas augue. Mauris est est, tristique quis magna vel, pretium auctor enim. Morbi dignissim pharetra dui a porta. Donec elementum est massa, eleifend elementum metus vulputate sit amet. Nullam accumsan scelerisque ipsum sed porttitor. Nulla facilisi. Cras hendrerit nisi nulla, vitae vestibulum magna congue non. Vestibulum molestie gravida enim, sit amet tempor diam mollis a. <br><br>\r\n\r\nFusce sagittis erat id sapien aliquam sodales. Suspendisse dignissim suscipit ipsum. Duis non elit nec lacus congue vehicula sit amet id quam. Phasellus vehicula tortor dolor, quis sagittis diam fringilla a. Sed congue, est a porttitor porta, velit elit dapibus ante, ac ultricies nunc magna id dolor. Sed nec tortor tristique, placerat lorem id, mollis neque. Duis hendrerit purus id sem iaculis, id laoreet justo fringilla. Quisque sollicitudin et elit quis sagittis. Morbi faucibus ipsum in eros sagittis, viverra hendrerit urna fringilla. Quisque blandit rutrum tellus, quis rhoncus neque dapibus ac. Vestibulum elementum nisi sed lacinia feugiat. In vulputate mattis lacus id dignissim. In non purus pellentesque, posuere ipsum et, fermentum arcu. Lorem ipsum dolor sit amet, consectetur adipiscing elit. Praesent laoreet in orci id placerat. Donec at nibh malesuada, viverra quam id, egestas augue. Mauris est est, tristique quis magna vel, pretium auctor enim. Morbi dignissim pharetra dui a porta. <br><br>\r\n\r\nNulla facilisi. Aenean nec ex sem. Nulla finibus, velit et lobortis lobortis, arcu risus fringilla mi, eget lacinia mauris est vel sapien. Donec sit amet pretium dui. Nullam porta dictum metus, et hendrerit velit mollis ut. Aenean mattis blandit dignissim. Aliquam efficitur feugiat enim, eu fermentum enim. Interdum et malesuada fames ac ante ipsum primis in faucibus. Curabitur urna lectus, semper vel commodo vel, vestibulum nec quam. Cras mattis ex velit, sit amet tristique felis molestie ut. Morbi orci purus, sagittis at dignissim id, dictum ut tellus. Quisque a justo euismod, sollicitudin sapien sit amet, finibus neque. Nullam sollicitudin urna eu neque facilisis, volutpat fermentum nibh maximus. Donec at nibh malesuada, viverra quam id, egestas augue. Mauris est est, tristique quis magna vel, pretium auctor enim. Morbi dignissim pharetra dui a porta. <br><br>\r\n\r\nIn hac habitasse platea dictumst. Aenean justo eros, faucibus in orci id, pellentesque facilisis arcu. Sed quam sem, ornare at facilisis in, semper ac dolor. Sed eu pellentesque massa, et convallis libero. Pellentesque eget sodales eros, non rhoncus lacus. Maecenas sed odio eget enim molestie scelerisque eget quis enim. Vivamus viverra sodales consequat. Phasellus quis arcu in elit fermentum venenatis. Curabitur et commodo purus. Nunc tempor quam purus, ut egestas metus imperdiet sed. Proin faucibus nec sapien et vehicula. Duis hendrerit purus id sem iaculis, id laoreet justo fringilla. Quisque sollicitudin et elit quis sagittis. Morbi faucibus ipsum in eros sagittis, viverra hendrerit urna fringilla. Quisque blandit rutrum tellus, quis rhoncus neque dapibus ac. Vestibulum elementum nisi sed lacinia feugiat. In vulputate mattis lacus id dignissim. ', 'news-3.png'),
(3, 'Roundup: 20 web designs with large backgrounds', 'Sub heading to go here', '1st July 2017', 1, 'Lorem ipsum dolor sit amet, consectetur adipiscing elit. Sed pretium erat velit, at viverra ex varius eget. Integer iaculis purus non fermentum faucibus. Nullam et suscipit magna. Morbi sit amet imperdiet mi, sit amet tristique dui. Phasellus dolor orci, tincidunt sit amet dolor sed, consectetur dignissim nisl. Donec elementum neque quis magna sagittis, vel feugiat elit finibus. Donec at nibh malesuada, viverra quam id, egestas augue. Mauris est est, tristique quis magna vel, pretium auctor enim. Morbi dignissim pharetra dui a porta. Donec elementum est massa, eleifend elementum metus vulputate sit amet. Nullam accumsan scelerisque ipsum sed porttitor. Nulla facilisi. Cras hendrerit nisi nulla, vitae vestibulum magna congue non. Vestibulum molestie gravida enim, sit amet tempor diam mollis a. <br><br>\r\n\r\nFusce sagittis erat id sapien aliquam sodales. Suspendisse dignissim suscipit ipsum. Duis non elit nec lacus congue vehicula sit amet id quam. Phasellus vehicula tortor dolor, quis sagittis diam fringilla a. Sed congue, est a porttitor porta, velit elit dapibus ante, ac ultricies nunc magna id dolor. Sed nec tortor tristique, placerat lorem id, mollis neque. Duis hendrerit purus id sem iaculis, id laoreet justo fringilla. Quisque sollicitudin et elit quis sagittis. Morbi faucibus ipsum in eros sagittis, viverra hendrerit urna fringilla. Quisque blandit rutrum tellus, quis rhoncus neque dapibus ac. Vestibulum elementum nisi sed lacinia feugiat. In vulputate mattis lacus id dignissim. In non purus pellentesque, posuere ipsum et, fermentum arcu. Lorem ipsum dolor sit amet, consectetur adipiscing elit. Praesent laoreet in orci id placerat. Donec at nibh malesuada, viverra quam id, egestas augue. Mauris est est, tristique quis magna vel, pretium auctor enim. Morbi dignissim pharetra dui a porta. <br><br>\r\n\r\nNulla facilisi. Aenean nec ex sem. Nulla finibus, velit et lobortis lobortis, arcu risus fringilla mi, eget lacinia mauris est vel sapien. Donec sit amet pretium dui. Nullam porta dictum metus, et hendrerit velit mollis ut. Aenean mattis blandit dignissim. Aliquam efficitur feugiat enim, eu fermentum enim. Interdum et malesuada fames ac ante ipsum primis in faucibus. Curabitur urna lectus, semper vel commodo vel, vestibulum nec quam. Cras mattis ex velit, sit amet tristique felis molestie ut. Morbi orci purus, sagittis at dignissim id, dictum ut tellus. Quisque a justo euismod, sollicitudin sapien sit amet, finibus neque. Nullam sollicitudin urna eu neque facilisis, volutpat fermentum nibh maximus. Donec at nibh malesuada, viverra quam id, egestas augue. Mauris est est, tristique quis magna vel, pretium auctor enim. Morbi dignissim pharetra dui a porta. <br><br>\r\n\r\nIn hac habitasse platea dictumst. Aenean justo eros, faucibus in orci id, pellentesque facilisis arcu. Sed quam sem, ornare at facilisis in, semper ac dolor. Sed eu pellentesque massa, et convallis libero. Pellentesque eget sodales eros, non rhoncus lacus. Maecenas sed odio eget enim molestie scelerisque eget quis enim. Vivamus viverra sodales consequat. Phasellus quis arcu in elit fermentum venenatis. Curabitur et commodo purus. Nunc tempor quam purus, ut egestas metus imperdiet sed. Proin faucibus nec sapien et vehicula. Duis hendrerit purus id sem iaculis, id laoreet justo fringilla. Quisque sollicitudin et elit quis sagittis. Morbi faucibus ipsum in eros sagittis, viverra hendrerit urna fringilla. Quisque blandit rutrum tellus, quis rhoncus neque dapibus ac. Vestibulum elementum nisi sed lacinia feugiat. In vulputate mattis lacus id dignissim. ', 'header.png'),
(4, 'Roundup: 20 web designs with large backgrounds', 'Sub heading to go here', '10th July 2017', 2, 'Lorem ipsum dolor sit amet, consectetur adipiscing elit. Sed pretium erat velit, at viverra ex varius eget. Integer iaculis purus non fermentum faucibus. Nullam et suscipit magna. Morbi sit amet imperdiet mi, sit amet tristique dui. Phasellus dolor orci, tincidunt sit amet dolor sed, consectetur dignissim nisl. Donec elementum neque quis magna sagittis, vel feugiat elit finibus. Donec at nibh malesuada, viverra quam id, egestas augue. Mauris est est, tristique quis magna vel, pretium auctor enim. Morbi dignissim pharetra dui a porta. Donec elementum est massa, eleifend elementum metus vulputate sit amet. Nullam accumsan scelerisque ipsum sed porttitor. Nulla facilisi. Cras hendrerit nisi nulla, vitae vestibulum magna congue non. Vestibulum molestie gravida enim, sit amet tempor diam mollis a. <br><br>\r\n\r\nFusce sagittis erat id sapien aliquam sodales. Suspendisse dignissim suscipit ipsum. Duis non elit nec lacus congue vehicula sit amet id quam. Phasellus vehicula tortor dolor, quis sagittis diam fringilla a. Sed congue, est a porttitor porta, velit elit dapibus ante, ac ultricies nunc magna id dolor. Sed nec tortor tristique, placerat lorem id, mollis neque. Duis hendrerit purus id sem iaculis, id laoreet justo fringilla. Quisque sollicitudin et elit quis sagittis. Morbi faucibus ipsum in eros sagittis, viverra hendrerit urna fringilla. Quisque blandit rutrum tellus, quis rhoncus neque dapibus ac. Vestibulum elementum nisi sed lacinia feugiat. In vulputate mattis lacus id dignissim. In non purus pellentesque, posuere ipsum et, fermentum arcu. Lorem ipsum dolor sit amet, consectetur adipiscing elit. Praesent laoreet in orci id placerat. Donec at nibh malesuada, viverra quam id, egestas augue. Mauris est est, tristique quis magna vel, pretium auctor enim. Morbi dignissim pharetra dui a porta. <br><br>\r\n\r\nNulla facilisi. Aenean nec ex sem. Nulla finibus, velit et lobortis lobortis, arcu risus fringilla mi, eget lacinia mauris est vel sapien. Donec sit amet pretium dui. Nullam porta dictum metus, et hendrerit velit mollis ut. Aenean mattis blandit dignissim. Aliquam efficitur feugiat enim, eu fermentum enim. Interdum et malesuada fames ac ante ipsum primis in faucibus. Curabitur urna lectus, semper vel commodo vel, vestibulum nec quam. Cras mattis ex velit, sit amet tristique felis molestie ut. Morbi orci purus, sagittis at dignissim id, dictum ut tellus. Quisque a justo euismod, sollicitudin sapien sit amet, finibus neque. Nullam sollicitudin urna eu neque facilisis, volutpat fermentum nibh maximus. Donec at nibh malesuada, viverra quam id, egestas augue. Mauris est est, tristique quis magna vel, pretium auctor enim. Morbi dignissim pharetra dui a porta. <br><br>\r\n\r\nIn hac habitasse platea dictumst. Aenean justo eros, faucibus in orci id, pellentesque facilisis arcu. Sed quam sem, ornare at facilisis in, semper ac dolor. Sed eu pellentesque massa, et convallis libero. Pellentesque eget sodales eros, non rhoncus lacus. Maecenas sed odio eget enim molestie scelerisque eget quis enim. Vivamus viverra sodales consequat. Phasellus quis arcu in elit fermentum venenatis. Curabitur et commodo purus. Nunc tempor quam purus, ut egestas metus imperdiet sed. Proin faucibus nec sapien et vehicula. Duis hendrerit purus id sem iaculis, id laoreet justo fringilla. Quisque sollicitudin et elit quis sagittis. Morbi faucibus ipsum in eros sagittis, viverra hendrerit urna fringilla. Quisque blandit rutrum tellus, quis rhoncus neque dapibus ac. Vestibulum elementum nisi sed lacinia feugiat. In vulputate mattis lacus id dignissim. ', 'post.png'),
(5, 'Roundup: 20 web designs with large backgrounds', 'Sub heading to go here', '24th July 2017', 1, 'Lorem ipsum dolor sit amet, consectetur adipiscing elit. Sed pretium erat velit, at viverra ex varius eget. Integer iaculis purus non fermentum faucibus. Nullam et suscipit magna. Morbi sit amet imperdiet mi, sit amet tristique dui. Phasellus dolor orci, tincidunt sit amet dolor sed, consectetur dignissim nisl. Donec elementum neque quis magna sagittis, vel feugiat elit finibus. Donec at nibh malesuada, viverra quam id, egestas augue. Mauris est est, tristique quis magna vel, pretium auctor enim. Morbi dignissim pharetra dui a porta. Donec elementum est massa, eleifend elementum metus vulputate sit amet. Nullam accumsan scelerisque ipsum sed porttitor. Nulla facilisi. Cras hendrerit nisi nulla, vitae vestibulum magna congue non. Vestibulum molestie gravida enim, sit amet tempor diam mollis a. <br><br>\n\nFusce sagittis erat id sapien aliquam sodales. Suspendisse dignissim suscipit ipsum. Duis non elit nec lacus congue vehicula sit amet id quam. Phasellus vehicula tortor dolor, quis sagittis diam fringilla a. Sed congue, est a porttitor porta, velit elit dapibus ante, ac ultricies nunc magna id dolor. Sed nec tortor tristique, placerat lorem id, mollis neque. Duis hendrerit purus id sem iaculis, id laoreet justo fringilla. Quisque sollicitudin et elit quis sagittis. Morbi faucibus ipsum in eros sagittis, viverra hendrerit urna fringilla. Quisque blandit rutrum tellus, quis rhoncus neque dapibus ac. Vestibulum elementum nisi sed lacinia feugiat. In vulputate mattis lacus id dignissim. In non purus pellentesque, posuere ipsum et, fermentum arcu. Lorem ipsum dolor sit amet, consectetur adipiscing elit. Praesent laoreet in orci id placerat. Donec at nibh malesuada, viverra quam id, egestas augue. Mauris est est, tristique quis magna vel, pretium auctor enim. Morbi dignissim pharetra dui a porta. <br><br>\n\nNulla facilisi. Aenean nec ex sem. Nulla finibus, velit et lobortis lobortis, arcu risus fringilla mi, eget lacinia mauris est vel sapien. Donec sit amet pretium dui. Nullam porta dictum metus, et hendrerit velit mollis ut. Aenean mattis blandit dignissim. Aliquam efficitur feugiat enim, eu fermentum enim. Interdum et malesuada fames ac ante ipsum primis in faucibus. Curabitur urna lectus, semper vel commodo vel, vestibulum nec quam. Cras mattis ex velit, sit amet tristique felis molestie ut. Morbi orci purus, sagittis at dignissim id, dictum ut tellus. Quisque a justo euismod, sollicitudin sapien sit amet, finibus neque. Nullam sollicitudin urna eu neque facilisis, volutpat fermentum nibh maximus. Donec at nibh malesuada, viverra quam id, egestas augue. Mauris est est, tristique quis magna vel, pretium auctor enim. Morbi dignissim pharetra dui a porta. <br><br>\n\nIn hac habitasse platea dictumst. Aenean justo eros, faucibus in orci id, pellentesque facilisis arcu. Sed quam sem, ornare at facilisis in, semper ac dolor. Sed eu pellentesque massa, et convallis libero. Pellentesque eget sodales eros, non rhoncus lacus. Maecenas sed odio eget enim molestie scelerisque eget quis enim. Vivamus viverra sodales consequat. Phasellus quis arcu in elit fermentum venenatis. Curabitur et commodo purus. Nunc tempor quam purus, ut egestas metus imperdiet sed. Proin faucibus nec sapien et vehicula. Duis hendrerit purus id sem iaculis, id laoreet justo fringilla. Quisque sollicitudin et elit quis sagittis. Morbi faucibus ipsum in eros sagittis, viverra hendrerit urna fringilla. Quisque blandit rutrum tellus, quis rhoncus neque dapibus ac. Vestibulum elementum nisi sed lacinia feugiat. In vulputate mattis lacus id dignissim. ', 'news-1.png');

-- --------------------------------------------------------

--
-- Структура таблицы `users`
--

CREATE TABLE IF NOT EXISTS `users` (
  `id_user` int(3) unsigned NOT NULL AUTO_INCREMENT,
  `login` varchar(30) NOT NULL,
  `password` varchar(30) NOT NULL,
  PRIMARY KEY (`id_user`)
) ENGINE=InnoDB  DEFAULT CHARSET=utf8 AUTO_INCREMENT=3 ;

--
-- Дамп данных таблицы `users`
--

INSERT INTO `users` (`id_user`, `login`, `password`) VALUES
(1, 'admin', 'admin'),
(2, 'guest', 'guest');

--
-- Ограничения внешнего ключа сохраненных таблиц
--

--
-- Ограничения внешнего ключа таблицы `posts`
--
ALTER TABLE `posts`
  ADD CONSTRAINT `posts_ibfk_1` FOREIGN KEY (`id_user`) REFERENCES `users` (`id_user`);

/*!40101 SET CHARACTER_SET_CLIENT=@OLD_CHARACTER_SET_CLIENT */;
/*!40101 SET CHARACTER_SET_RESULTS=@OLD_CHARACTER_SET_RESULTS */;
/*!40101 SET COLLATION_CONNECTION=@OLD_COLLATION_CONNECTION */;
